{"_wandb":{"runtime":512},"train_loss":0.0020704343914985657,"_timestamp":1.7276794217767355e+09,"_runtime":512.229264778,"_step":3278}